endpoint,CV_AUC_mean,CV_AUC_std,Held_out_TP,Held_out_TN,Held_out_FP,Held_out_FN,Held_out_BA,Held_out_AUC,Held_out_MCC,Held_out_AUCPR,Held_out_Specificity,Held_out_Sensitivity
Cardiotox (with SIDER inactives),0.604632295415428,0.06097063270192947,51.0,4.0,21.0,14.0,0.4723076923076923,0.616,-0.06201736729460423,0.7972418363509586,0.16,0.7846153846153846
Cardiotox (with SIDER actives),0.5676971326164875,0.04427792832328018,32.0,13.0,12.0,33.0,0.5061538461538462,0.588923076923077,0.011028033048638398,0.8165735147986499,0.52,0.49230769230769234
Cardiotox (with SIDER all),0.5771770120560443,0.03121266364529739,54.0,11.0,14.0,11.0,0.6353846153846154,0.6067692307692307,0.2822020713066681,0.8015828490398995,0.44,0.8307692307692308
Cardiac disorders,0.5602067760604347,0.06680085684166016,75.0,5.0,35.0,18.0,0.4657258064516129,0.45725806451612905,-0.08312055797439803,0.6693077419770227,0.125,0.8064516129032258
DICTrank,0.5542391789379743,0.020213796068356285,28.0,14.0,11.0,37.0,0.4953846153846154,0.5667692307692308,-0.008343479146871391,0.7682673414648129,0.56,0.4307692307692308
