endpoint,CV_AUC_mean,CV_AUC_std,Held_out_TP,Held_out_TN,Held_out_FP,Held_out_FN,Held_out_BA,Held_out_AUC,Held_out_MCC,Held_out_AUCPR,Held_out_Specificity,Held_out_Sensitivity
Cardiotox (with SIDER inactives),0.5779896208209461,0.06940271431038406,31.0,18.0,7.0,34.0,0.5984615384615385,0.616,0.17857876925784902,0.7972418363509586,0.72,0.47692307692307695
Cardiotox (with SIDER actives),0.4862455197132617,0.055467976407814965,39.0,12.0,13.0,26.0,0.54,0.588923076923077,0.07254762501100116,0.8165735147986499,0.48,0.6
Cardiotox (with SIDER all),0.570909090909091,0.03971118894238975,62.0,0.0,25.0,3.0,0.47692307692307695,0.6067692307692307,-0.11516335992621968,0.8015828490398995,0.0,0.9538461538461539
Cardiac disorders,0.5540685150441248,0.0691121208049596,42.0,18.0,22.0,51.0,0.4508064516129032,0.45725806451612905,-0.0903015246695412,0.6693077419770227,0.45,0.45161290322580644
DICTrank,0.48647128195320966,0.09289918701684799,2.0,24.0,1.0,63.0,0.49538461538461537,0.5667692307692308,-0.023032671985243936,0.7682673414648129,0.96,0.03076923076923077
