endpoint,CV_AUC_mean,CV_AUC_std,Held_out_TP,Held_out_TN,Held_out_FP,Held_out_FN,Held_out_BA,Held_out_AUC,Held_out_MCC,Held_out_AUCPR,Held_out_Specificity,Held_out_Sensitivity
Cardiotox (with SIDER inactives),0.6382468749240819,0.07383981806184488,52.0,16.0,9.0,13.0,0.72,0.8043076923076923,0.42171149842370903,0.9049889898292747,0.64,0.8
Cardiotox (with SIDER actives),0.6581731035848682,0.042336321660330155,56.0,9.0,16.0,9.0,0.6107692307692307,0.7538461538461538,0.2480694691784169,0.8935058860512566,0.36,0.8615384615384616
Cardiotox (with SIDER all),0.6582653805039665,0.03212218861440218,58.0,10.0,15.0,7.0,0.6461538461538462,0.8141538461538461,0.33448838083060517,0.9175216874182872,0.4,0.8923076923076924
Cardiac disorders,0.6975670358200479,0.02018181869128,72.0,17.0,23.0,21.0,0.5995967741935484,0.706989247311828,0.20220558047243292,0.8490664104817002,0.425,0.7741935483870968
DICTrank,0.6268485838779958,0.07309381715279634,58.0,11.0,14.0,7.0,0.6661538461538462,0.8406153846153845,0.3721042037676254,0.9325183395744512,0.44,0.8923076923076924
