endpoint,CV_AUC_mean,CV_AUC_std,Held_out_TP,Held_out_TN,Held_out_FP,Held_out_FN,Held_out_BA,Held_out_AUC,Held_out_MCC,Held_out_AUCPR,Held_out_Specificity,Held_out_Sensitivity
Cardiotox (with SIDER inactives),0.6960704854679558,0.03096010090704779,50.0,16.0,9.0,15.0,0.7046153846153846,0.8043076923076923,0.38573416791720194,0.9049889898292747,0.64,0.7692307692307693
Cardiotox (with SIDER actives),0.7031122994652407,0.029853084356890297,59.0,9.0,16.0,6.0,0.6338461538461538,0.7538461538461538,0.3217261138106329,0.8935058860512566,0.36,0.9076923076923077
Cardiotox (with SIDER all),0.6910323517098185,0.01946693977813823,46.0,20.0,5.0,19.0,0.7538461538461538,0.8141538461538461,0.4588913530779265,0.9175216874182872,0.8,0.7076923076923077
Cardiac disorders,0.7056560585777454,0.02849370242351637,70.0,19.0,21.0,23.0,0.6138440860215053,0.706989247311828,0.22462940100769863,0.8490664104817002,0.475,0.7526881720430108
DICTrank,0.698334422657952,0.06489949651792985,57.0,13.0,12.0,8.0,0.6984615384615385,0.8406153846153845,0.4203381797788984,0.9325183395744512,0.52,0.8769230769230769
