endpoint,CV_AUC_mean,CV_AUC_std,Held_out_TP,Held_out_TN,Held_out_FP,Held_out_FN,Held_out_BA,Held_out_AUC,Held_out_MCC,Held_out_AUCPR,Held_out_Specificity,Held_out_Sensitivity
Cardiotox (with SIDER inactives),0.6423160173160174,0.07473255226085819,49.0,10.0,15.0,16.0,0.5769230769230769,0.6160000000000001,0.15203257981578747,0.7995237215212276,0.4,0.7538461538461538
Cardiotox (with SIDER actives),0.4367712906057946,0.07293265419294281,53.0,4.0,21.0,12.0,0.4876923076923077,0.544,-0.028837490036423618,0.7639378552249898,0.16,0.8153846153846154
Cardiotox (with SIDER all),0.5896689679942534,0.06506686808944281,58.0,4.0,21.0,7.0,0.5261538461538462,0.6086153846153846,0.07152903315966891,0.8099955681470246,0.16,0.8923076923076924
Cardiac disorders,0.6299511771263689,0.09141870026218614,91.0,3.0,37.0,2.0,0.526747311827957,0.47043010752688175,0.12897086703209665,0.6794934475168191,0.075,0.978494623655914
DICTrank,0.4938095238095238,0.05198661087001695,50.0,8.0,17.0,15.0,0.5446153846153846,0.5187692307692308,0.09163048814946072,0.71354176138461,0.32,0.7692307692307693
