endpoint,CV_AUC_mean,CV_AUC_std,Held_out_TP,Held_out_TN,Held_out_FP,Held_out_FN,Held_out_BA,Held_out_AUC,Held_out_MCC,Held_out_AUCPR,Held_out_Specificity,Held_out_Sensitivity
Cardiotox (with SIDER inactives),0.6928122039193685,0.018045498166180153,38.0,18.0,7.0,27.0,0.6523076923076923,0.7224615384615385,0.2728764160962586,0.8579866672512728,0.72,0.5846153846153846
Cardiotox (with SIDER actives),0.676705486234898,0.024345974029866355,41.0,18.0,7.0,24.0,0.6753846153846154,0.736,0.31492193346260305,0.8737833290829493,0.72,0.6307692307692307
Cardiotox (with SIDER all),0.6825864366365103,0.012659850240503846,35.0,17.0,8.0,30.0,0.6092307692307692,0.7372307692307691,0.19589281793288735,0.8734199419023141,0.68,0.5384615384615384
Cardiac disorders,0.6829409050342785,0.034613268861573454,63.0,21.0,19.0,30.0,0.6012096774193548,0.6741935483870967,0.19091123716716457,0.8223588040135327,0.525,0.6774193548387096
DICTrank,0.6387234931009441,0.038157818568382164,45.0,16.0,9.0,20.0,0.6661538461538461,0.7587692307692309,0.30382181012509996,0.8780041103813196,0.64,0.6923076923076923
