endpoint,Held_out_TP,Held_out_TN,Held_out_FP,Held_out_FN,Held_out_BA,Held_out_AUC,Held_out_MCC,Held_out_AUCPR,Held_out_Specificity,Held_out_Sensitivity,Held_out_F1
Cardiac disorders,75.0,20.0,20.0,18.0,0.6532258064516129,0.7217741935483871,0.3110855084191276,0.8642408111932328,0.5,0.8064516129032258,0.7978723404255319
Cardiotox (with SIDER inactives),53.0,14.0,11.0,12.0,0.6876923076923077,0.7790769230769231,0.3709594947505214,0.9039869632497528,0.56,0.8153846153846154,0.8217054263565892
Cardiotox (with SIDER all),52.0,14.0,11.0,13.0,0.68,0.8153846153846154,0.3518657752744984,0.9245150399057558,0.56,0.8,0.8125
Cardiotox (with SIDER actives),54.0,13.0,12.0,11.0,0.6753846153846155,0.8036923076923077,0.35527985620321373,0.9193986935830012,0.52,0.8307692307692308,0.8244274809160306
DICTrank,59.0,10.0,15.0,6.0,0.6538461538461539,0.8141538461538461,0.36046862545529523,0.925472353265191,0.4,0.9076923076923077,0.8489208633093526
