endpoint,Held_out_TP,Held_out_TN,Held_out_FP,Held_out_FN,Held_out_BA,Held_out_AUC,Held_out_MCC,Held_out_AUCPR,Held_out_Specificity,Held_out_Sensitivity,Held_out_F1
Cardiac disorders,69.0,23.0,17.0,24.0,0.6584677419354839,0.7188172043010753,0.3040494208880734,0.8634807687712882,0.575,0.7419354838709677,0.7709497206703911
Cardiotox (with SIDER inactives),46.0,19.0,6.0,19.0,0.7338461538461538,0.7883076923076923,0.4241245769873914,0.9093358790780064,0.76,0.7076923076923077,0.7863247863247863
Cardiotox (with SIDER all),41.0,21.0,4.0,24.0,0.7353846153846153,0.7913846153846154,0.42171809760330875,0.9129279865010274,0.84,0.6307692307692307,0.7454545454545455
Cardiotox (with SIDER actives),55.0,11.0,14.0,10.0,0.6430769230769231,0.8006153846153846,0.30303450170106633,0.915569171281706,0.44,0.8461538461538461,0.8208955223880597
DICTrank,56.0,13.0,12.0,9.0,0.6907692307692308,0.8276923076923077,0.3976483732048504,0.9250505075864817,0.52,0.8615384615384616,0.8421052631578948
