endpoint,Held_out_TP,Held_out_TN,Held_out_FP,Held_out_FN,Held_out_BA,Held_out_AUC,Held_out_MCC,Held_out_AUCPR,Held_out_Specificity,Held_out_Sensitivity,Held_out_F1
Cardiac disorders,75.0,21.0,19.0,18.0,0.665725806451613,0.7344086021505376,0.33388382205659156,0.8731640122154765,0.525,0.8064516129032258,0.8021390374331551
Cardiotox (with SIDER inactives),55.0,14.0,11.0,10.0,0.7030769230769232,0.7809230769230769,0.41137667560372115,0.8910364720621964,0.56,0.8461538461538461,0.8396946564885497
Cardiotox (with SIDER all),53.0,13.0,12.0,12.0,0.6676923076923077,0.7975384615384616,0.3353846153846154,0.9111445143641494,0.52,0.8153846153846154,0.8153846153846154
Cardiotox (with SIDER actives),55.0,12.0,13.0,10.0,0.6630769230769231,0.7999999999999999,0.3399252222557593,0.9162329105144167,0.48,0.8461538461538461,0.8270676691729324
DICTrank,60.0,8.0,17.0,5.0,0.6215384615384616,0.8123076923076924,0.309708677873634,0.923612371427798,0.32,0.9230769230769231,0.8450704225352113
