endpoint,Held_out_TP,Held_out_TN,Held_out_FP,Held_out_FN,Held_out_BA,Held_out_AUC,Held_out_MCC,Held_out_AUCPR,Held_out_Specificity,Held_out_Sensitivity,Held_out_F1
Cardiotox (with SIDER inactives),46.0,13.0,8.0,11.0,0.713032581453634,0.8053467000835421,0.4094685967197233,0.9199043560632878,0.6190476190476191,0.8070175438596491,0.8288288288288288
Cardiotox (with SIDER all),45.0,13.0,8.0,12.0,0.7042606516290727,0.8320802005012532,0.38828788900712563,0.9338993722860931,0.6190476190476191,0.7894736842105263,0.8181818181818182
Cardiotox (with SIDER actives),47.0,12.0,9.0,10.0,0.6979949874686717,0.8253968253968255,0.39032459032442784,0.9307649230366635,0.5714285714285714,0.8245614035087719,0.8318584070796461
DICTrank,51.0,10.0,11.0,6.0,0.6854636591478697,0.8304093567251463,0.40745538213496985,0.9343834723918338,0.47619047619047616,0.8947368421052632,0.8571428571428571
