endpoint,Held_out_TP,Held_out_TN,Held_out_FP,Held_out_FN,Held_out_BA,Held_out_AUC,Held_out_MCC,Held_out_AUCPR,Held_out_Specificity,Held_out_Sensitivity,Held_out_F1
Cardiac disorders,72.0,23.0,17.0,21.0,0.6745967741935484,0.7309139784946237,0.3403426213940813,0.8706371835616115,0.575,0.7741935483870968,0.7912087912087912
Cardiotox (with SIDER inactives),45.0,19.0,6.0,20.0,0.7261538461538461,0.7809230769230769,0.40883047819669815,0.8928568407495356,0.76,0.6923076923076923,0.7758620689655172
Cardiotox (with SIDER all),41.0,21.0,4.0,24.0,0.7353846153846153,0.7864615384615385,0.42171809760330875,0.9058624469344325,0.84,0.6307692307692307,0.7454545454545455
Cardiotox (with SIDER actives),57.0,10.0,15.0,8.0,0.6384615384615384,0.7907692307692308,0.31008683647302115,0.9103561677756984,0.4,0.8769230769230769,0.832116788321168
DICTrank,55.0,15.0,10.0,10.0,0.7230769230769231,0.8209230769230769,0.4461538461538462,0.9159920356978559,0.6,0.8461538461538461,0.8461538461538461
