endpoint,CV_AUC_mean,CV_AUC_std,Held_out_TP,Held_out_TN,Held_out_FP,Held_out_FN,Held_out_BA,Held_out_AUC,Held_out_MCC,Held_out_AUCPR,Held_out_Specificity,Held_out_Sensitivity,Held_out_F1
Cardiotox (with SIDER inactives),0.6980115963911337,0.02590307154883997,42.0,14.0,11.0,23.0,0.6030769230769231,0.7446153846153846,0.18766329073425309,0.8834515931837152,0.56,0.6461538461538462,0.711864406779661
Cardiotox (with SIDER actives),0.7059160229748465,0.02625044983024303,56.0,12.0,13.0,9.0,0.6707692307692308,0.7458461538461538,0.3616863407399824,0.8790806302541243,0.48,0.8615384615384616,0.835820895522388
Cardiotox (with SIDER all),0.710181554658727,0.026055491093942503,35.0,19.0,6.0,30.0,0.6492307692307693,0.7378461538461538,0.26842631389259924,0.862457587877705,0.76,0.5384615384615384,0.660377358490566
Cardiac disorders,0.6953612936594864,0.03258563616419148,62.0,23.0,17.0,31.0,0.6208333333333333,0.7018817204301075,0.22567206153210326,0.8523043754329853,0.575,0.6666666666666666,0.7209302325581395
DICTrank,0.6871820987654321,0.0380486529217807,50.0,15.0,10.0,15.0,0.6846153846153846,0.7716923076923078,0.35082320772281167,0.8947223950661436,0.6,0.7692307692307693,0.8
