endpoint,CV_AUC_mean,CV_AUC_std,Held_out_TP,Held_out_TN,Held_out_FP,Held_out_FN,Held_out_BA,Held_out_AUC,Held_out_MCC,Held_out_AUCPR,Held_out_Specificity,Held_out_Sensitivity,Held_out_F1
Cardiotox (with SIDER inactives),0.6003246753246753,0.08567273469247728,62.0,3.0,22.0,3.0,0.536923076923077,0.6160000000000001,0.13259870882635919,0.7995237215212276,0.12,0.9538461538461539,0.832214765100671
Cardiotox (with SIDER actives),0.3096729587357331,0.12917932152917588,0.0,25.0,0.0,65.0,0.5,0.544,0.0,0.7639378552249898,1.0,0.0,0.0
Cardiotox (with SIDER all),0.5941725197541703,0.005987444313965109,62.0,1.0,24.0,3.0,0.49692307692307697,0.6086153846153846,-0.013375009404306793,0.8099955681470246,0.04,0.9538461538461539,0.8211920529801324
Cardiac disorders,0.6518103154305199,0.04177560282476324,36.0,6.0,5.0,5.0,0.7117516629711751,0.811529933481153,0.42350332594235035,0.9468319569318626,0.5454545454545454,0.8780487804878049,0.8780487804878049
DICTrank,0.36404761904761906,0.0846943283325435,60.0,2.0,23.0,5.0,0.5015384615384616,0.5187692307692308,0.005145827878177982,0.71354176138461,0.08,0.9230769230769231,0.810810810810811
