endpoint,CV_AUC_mean,CV_AUC_std,Held_out_TP,Held_out_TN,Held_out_FP,Held_out_FN,Held_out_BA,Held_out_AUC,Held_out_MCC,Held_out_AUCPR,Held_out_Specificity,Held_out_Sensitivity,Held_out_F1
Cardiotox (with SIDER inactives),0.7012857142857143,0.03608406174809415,32.0,19.0,2.0,25.0,0.7330827067669172,0.7410192147034252,0.4169858587349771,0.8905452343298843,0.9047619047619048,0.5614035087719298,0.7032967032967032
Cardiotox (with SIDER actives),0.6872993672993674,0.05859556068117817,47.0,12.0,9.0,10.0,0.6979949874686717,0.7552213868003341,0.39032459032442784,0.8954204895710394,0.5714285714285714,0.8245614035087719,0.8318584070796461
Cardiotox (with SIDER all),0.6706682206682206,0.11254768952566356,44.0,11.0,10.0,13.0,0.6478696741854637,0.7276524644945698,0.28421937889957266,0.8755365443967176,0.5238095238095238,0.7719298245614035,0.7927927927927928
Cardiac disorders,0.6802357063226628,0.10237179015730485,20.0,2.0,2.0,12.0,0.5625,0.484375,0.08058229640253803,0.9116511689771533,0.5,0.625,0.7407407407407406
DICTrank,0.7031836734693877,0.02645854691961304,46.0,15.0,6.0,11.0,0.7606516290726817,0.7786131996658312,0.49051147158797265,0.9106714275199987,0.7142857142857143,0.8070175438596491,0.8440366972477065
