endpoint,CV_AUC_mean,CV_AUC_std,Held_out_TP,Held_out_TN,Held_out_FP,Held_out_FN,Held_out_BA,Held_out_AUC,Held_out_MCC,Held_out_AUCPR,Held_out_Specificity,Held_out_Sensitivity,Held_out_F1
Cardiotox (with SIDER inactives),0.6590484686292001,0.0650605311525035,27.0,21.0,4.0,38.0,0.6276923076923077,0.6781538461538462,0.24072132283554706,0.8322965812391556,0.84,0.4153846153846154,0.5625
Cardiotox (with SIDER actives),0.6992272727272727,0.08210563141918954,44.0,15.0,10.0,21.0,0.6384615384615384,0.6947692307692308,0.25318484177091666,0.8581414348254406,0.6,0.676923076923077,0.7394957983193278
Cardiotox (with SIDER all),0.6869736842105263,0.042677850132905724,40.0,15.0,10.0,25.0,0.6076923076923078,0.6892307692307692,0.1941450686788302,0.8536224511659436,0.6,0.6153846153846154,0.6956521739130435
Cardiac disorders,0.6582721128416104,0.07427699015613033,20.0,4.0,2.0,25.0,0.5555555555555556,0.5962962962962963,0.07228181235327591,0.9201270979556624,0.6666666666666666,0.4444444444444444,0.5970149253731343
DICTrank,0.6912722136620442,0.06460275409653204,51.0,14.0,11.0,14.0,0.6723076923076923,0.7015384615384616,0.3334160360596607,0.8590833081208278,0.56,0.7846153846153846,0.8031496062992126
