endpoint,CV_AUC_mean,CV_AUC_std,Held_out_TP,Held_out_TN,Held_out_FP,Held_out_FN,Held_out_BA,Held_out_AUC,Held_out_MCC,Held_out_AUCPR,Held_out_Specificity,Held_out_Sensitivity,Held_out_F1
Cardiotox (with SIDER inactives),0.5531919018063596,0.07339857862585672,61.0,4.0,21.0,4.0,0.5492307692307692,0.6092307692307692,0.15496776884521193,0.7687853242570035,0.16,0.9384615384615385,0.8299319727891157
Cardiotox (with SIDER actives),0.5587365591397849,0.05419339726610321,12.0,21.0,4.0,53.0,0.5123076923076924,0.5218461538461538,0.028837490036423618,0.7680436621139062,0.84,0.18461538461538463,0.29629629629629634
Cardiotox (with SIDER all),0.5651225969371131,0.03464615444029257,23.0,19.0,6.0,42.0,0.556923076923077,0.5907692307692308,0.10911416392781283,0.7739285372074234,0.76,0.35384615384615387,0.48936170212765956
Cardiac disorders,0.527008447740155,0.02457366887217108,54.0,2.0,21.0,9.0,0.4720496894409938,0.536231884057971,-0.07408390256229352,0.7727704399329456,0.08695652173913043,0.8571428571428571,0.782608695652174
DICTrank,0.5450771339325555,0.025561795720532843,43.0,8.0,17.0,22.0,0.49076923076923074,0.45907692307692305,-0.017541160386140585,0.7204322189489227,0.32,0.6615384615384615,0.688
