endpoint,CV_AUC_mean,CV_AUC_std,Held_out_TP,Held_out_TN,Held_out_FP,Held_out_FN,Held_out_BA,Held_out_AUC,Held_out_MCC,Held_out_AUCPR,Held_out_Specificity,Held_out_Sensitivity,Held_out_F1
Cardiotox (with SIDER inactives),0.604632295415428,0.06097063270192947,57.0,5.0,20.0,8.0,0.5384615384615384,0.616,0.09800907527646645,0.7972418363509586,0.2,0.8769230769230769,0.8028169014084509
Cardiotox (with SIDER actives),0.5676971326164875,0.04427792832328018,28.0,15.0,10.0,37.0,0.5153846153846153,0.588923076923077,0.027902932696538908,0.8165735147986499,0.6,0.4307692307692308,0.5436893203883496
Cardiotox (with SIDER all),0.5771770120560443,0.03121266364529739,52.0,10.0,15.0,13.0,0.6000000000000001,0.6067692307692307,0.20537868033499815,0.8015828490398995,0.4,0.8,0.787878787878788
Cardiac disorders,0.5602067760604347,0.06680085684166016,47.0,7.0,16.0,16.0,0.5251897860593513,0.5217391304347826,0.05037957211870255,0.7604581628110587,0.30434782608695654,0.746031746031746,0.746031746031746
DICTrank,0.5542391789379743,0.020213796068356285,28.0,16.0,9.0,37.0,0.5353846153846153,0.5667692307692308,0.06442172666996748,0.7682673414648129,0.64,0.4307692307692308,0.5490196078431373
