endpoint,CV_AUC_mean,CV_AUC_std,Held_out_TP,Held_out_TN,Held_out_FP,Held_out_FN,Held_out_BA,Held_out_AUC,Held_out_MCC,Held_out_AUCPR,Held_out_Specificity,Held_out_Sensitivity,Held_out_F1
Cardiotox (with SIDER inactives),0.6695510204081632,0.07567629711747278,40.0,15.0,10.0,25.0,0.6076923076923078,0.724,0.1941450686788302,0.8747590405823478,0.6,0.6153846153846154,0.6956521739130435
Cardiotox (with SIDER actives),0.6790898448931811,0.09158632103692464,37.0,18.0,7.0,28.0,0.6446153846153846,0.7341538461538462,0.25915877664300235,0.8834112048938167,0.72,0.5692307692307692,0.6788990825688073
Cardiotox (with SIDER all),0.6873947735371584,0.03449189139187486,43.0,17.0,8.0,22.0,0.6707692307692308,0.7581538461538462,0.30870872843424146,0.8961510382922329,0.68,0.6615384615384615,0.7413793103448276
Cardiac disorders,0.7291511659299527,0.035691325804512036,34.0,2.0,4.0,6.0,0.5916666666666667,0.7041666666666667,0.16289594138375038,0.9513386960222792,0.3333333333333333,0.85,0.8717948717948718
DICTrank,0.6747950113378685,0.03013499448219522,48.0,16.0,9.0,17.0,0.6892307692307693,0.7723076923076924,0.35176614174229526,0.9039616153110435,0.64,0.7384615384615385,0.7868852459016393
