endpoint,CV_AUC_mean,CV_AUC_std,Held_out_TP,Held_out_TN,Held_out_FP,Held_out_FN,Held_out_BA,Held_out_AUC,Held_out_MCC,Held_out_AUCPR,Held_out_Specificity,Held_out_Sensitivity,Held_out_F1
Cardiotox (with SIDER inactives),0.6088079924798235,0.02343201570283112,26.0,24.0,1.0,39.0,0.6799999999999999,0.7187692307692308,0.3518657752744984,0.8611720051479088,0.96,0.4,0.5652173913043479
Cardiotox (with SIDER actives),0.6621423274259669,0.03942329852596161,28.0,24.0,1.0,37.0,0.6953846153846154,0.7335384615384615,0.37452699510357373,0.8685154778767453,0.96,0.4307692307692308,0.5957446808510639
Cardiotox (with SIDER all),0.6582323418161613,0.02196531598737946,30.0,24.0,1.0,35.0,0.7107692307692308,0.7153846153846153,0.3973351955237343,0.8822710550982374,0.96,0.46153846153846156,0.625
Cardiac disorders,0.684779742896913,0.03148675170335855,31.0,32.0,3.0,45.0,0.6610902255639097,0.6909774436090225,0.3247545036338355,0.8137032410789279,0.9142857142857143,0.40789473684210525,0.5636363636363636
DICTrank,0.667650228451714,0.03663550356388841,30.0,21.0,4.0,35.0,0.6507692307692308,0.7323076923076924,0.2785710142041902,0.8738574211261986,0.84,0.46153846153846156,0.606060606060606
