endpoint,CV_AUC_mean,CV_AUC_std,Held_out_TP,Held_out_TN,Held_out_FP,Held_out_FN,Held_out_BA,Held_out_AUC,Held_out_MCC,Held_out_AUCPR,Held_out_Specificity,Held_out_Sensitivity,Held_out_F1
Cardiotox (with SIDER inactives),0.6475649350649351,0.06311565462376081,44.0,7.0,14.0,13.0,0.5526315789473684,0.6031746031746033,0.10692874639594174,0.8158756850935007,0.3333333333333333,0.7719298245614035,0.7652173913043477
Cardiotox (with SIDER actives),0.6891341991341992,0.13021227657491202,46.0,7.0,14.0,11.0,0.5701754385964912,0.6432748538011696,0.14775777026763748,0.8404070406753681,0.3333333333333333,0.8070175438596491,0.7863247863247863
Cardiotox (with SIDER all),0.6991824085005904,0.08579936079339594,44.0,14.0,7.0,13.0,0.7192982456140351,0.8065998329156223,0.4089265025101046,0.9271885109048663,0.6666666666666666,0.7719298245614035,0.8148148148148149
Cardiac disorders,0.696111111111111,0.10266078064590013,24.0,1.0,3.0,6.0,0.525,0.7,0.03984095364447979,0.9508345903970922,0.25,0.8,0.8421052631578948
DICTrank,0.7189909297052155,0.08779230111511908,47.0,6.0,15.0,10.0,0.5551378446115288,0.6950710108604846,0.121135383877964,0.8578405655509076,0.2857142857142857,0.8245614035087719,0.7899159663865545
