endpoint,CV_AUC_mean,CV_AUC_std,Held_out_TP,Held_out_TN,Held_out_FP,Held_out_FN,Held_out_BA,Held_out_AUC,Held_out_MCC,Held_out_AUCPR,Held_out_Specificity,Held_out_Sensitivity,Held_out_F1
Cardiotox (with SIDER inactives),0.654484993997599,0.06363450233461333,42.0,15.0,10.0,23.0,0.6230769230769231,0.7092307692307693,0.22322346157231127,0.8634592339858778,0.6,0.6461538461538462,0.717948717948718
Cardiotox (with SIDER actives),0.6744278606965175,0.11936637523604128,44.0,15.0,10.0,21.0,0.6384615384615384,0.732,0.25318484177091666,0.880842141820328,0.6,0.676923076923077,0.7394957983193278
Cardiotox (with SIDER all),0.6626697825750142,0.02907404856507216,33.0,20.0,5.0,32.0,0.6538461538461539,0.7307692307692308,0.2790293269653891,0.8813287666894845,0.8,0.5076923076923077,0.6407766990291263
Cardiac disorders,0.6908566244772076,0.035703626454357484,31.0,3.0,3.0,9.0,0.6375,0.7208333333333334,0.2109153719330269,0.953023143207329,0.5,0.775,0.8378378378378379
DICTrank,0.6810249433106575,0.06396991269177765,42.0,17.0,8.0,23.0,0.6630769230769231,0.696,0.29399110399937145,0.8574078417136678,0.68,0.6461538461538462,0.7304347826086957
