endpoint,CV_AUC_mean,CV_AUC_std,Held_out_TP,Held_out_TN,Held_out_FP,Held_out_FN,Held_out_BA,Held_out_AUC,Held_out_MCC,Held_out_AUCPR,Held_out_Specificity,Held_out_Sensitivity,Held_out_F1
Cardiotox (with SIDER inactives),0.5844516594516594,0.12031564833150755,47.0,7.0,14.0,10.0,0.5789473684210527,0.5877192982456141,0.16963886215057972,0.7896212810270213,0.3333333333333333,0.8245614035087719,0.7966101694915254
Cardiotox (with SIDER actives),0.6719318181818182,0.10590083657051337,51.0,5.0,16.0,6.0,0.5664160401002506,0.7034252297410191,0.1692841531087034,0.8728944242551195,0.23809523809523808,0.8947368421052632,0.8225806451612904
Cardiotox (with SIDER all),0.637206808343172,0.10760351274481679,49.0,7.0,14.0,8.0,0.5964912280701754,0.6975772765246449,0.2171945885116672,0.8601225324238426,0.3333333333333333,0.8596491228070176,0.8166666666666668
Cardiac disorders,0.637681623931624,0.09412522676330831,25.0,1.0,3.0,5.0,0.5416666666666667,0.7458333333333333,0.07042952122737638,0.9547285035226212,0.25,0.8333333333333334,0.8620689655172413
DICTrank,0.6223356009070293,0.21139680014913015,47.0,6.0,15.0,10.0,0.5551378446115288,0.722639933166249,0.121135383877964,0.8797539247000663,0.2857142857142857,0.8245614035087719,0.7899159663865545
