endpoint,CV_AUC_mean,CV_AUC_std,Held_out_TP,Held_out_TN,Held_out_FP,Held_out_FN,Held_out_BA,Held_out_AUC,Held_out_MCC,Held_out_AUCPR,Held_out_Specificity,Held_out_Sensitivity,Held_out_F1
Cardiotox (with SIDER inactives),0.6960704854679558,0.03096010090704779,51.0,17.0,8.0,14.0,0.7323076923076923,0.8043076923076923,0.43793879214659764,0.9049889898292747,0.68,0.7846153846153846,0.8225806451612904
Cardiotox (with SIDER actives),0.7031122994652407,0.029853084356890297,56.0,9.0,16.0,9.0,0.6107692307692307,0.7538461538461538,0.2480694691784169,0.8935058860512566,0.36,0.8615384615384616,0.8175182481751826
Cardiotox (with SIDER all),0.6910323517098185,0.01946693977813823,42.0,22.0,3.0,23.0,0.7630769230769231,0.8141538461538461,0.4713319914389921,0.9175216874182872,0.88,0.6461538461538462,0.7636363636363636
Cardiac disorders,0.7056560585777454,0.02849370242351637,70.0,18.0,22.0,23.0,0.6013440860215054,0.706989247311828,0.20128621521330425,0.8490664104817002,0.45,0.7526881720430108,0.7567567567567567
DICTrank,0.698334422657952,0.06489949651792985,56.0,13.0,12.0,9.0,0.6907692307692308,0.8406153846153845,0.3976483732048504,0.9325183395744512,0.52,0.8615384615384616,0.8421052631578948
