endpoint,CV_AUC_mean,CV_AUC_std,Held_out_TP,Held_out_TN,Held_out_FP,Held_out_FN,Held_out_BA,Held_out_AUC,Held_out_MCC,Held_out_AUCPR,Held_out_Specificity,Held_out_Sensitivity,Held_out_F1
Cardiotox (with SIDER inactives),0.6928122039193685,0.018045498166180153,44.0,17.0,8.0,21.0,0.6784615384615384,0.7224615384615385,0.32367401927985134,0.8579866672512728,0.68,0.676923076923077,0.7521367521367521
Cardiotox (with SIDER actives),0.676705486234898,0.024345974029866355,42.0,17.0,8.0,23.0,0.6630769230769231,0.736,0.29399110399937145,0.8737833290829493,0.68,0.6461538461538462,0.7304347826086957
Cardiotox (with SIDER all),0.6825864366365103,0.012659850240503846,36.0,18.0,7.0,29.0,0.6369230769230769,0.7372307692307691,0.24555578585953486,0.8734199419023141,0.72,0.5538461538461539,0.6666666666666667
Cardiac disorders,0.6829409050342785,0.034613268861573454,60.0,24.0,16.0,33.0,0.6225806451612903,0.6741935483870967,0.22718473369882594,0.8223588040135327,0.6,0.6451612903225806,0.7100591715976331
DICTrank,0.6387234931009441,0.038157818568382164,46.0,17.0,8.0,19.0,0.6938461538461539,0.7587692307692309,0.3544587784792833,0.8780041103813196,0.68,0.7076923076923077,0.7731092436974791
