endpoint,CV_AUC_mean,CV_AUC_std,Held_out_TP,Held_out_TN,Held_out_FP,Held_out_FN,Held_out_BA,Held_out_AUC,Held_out_MCC,Held_out_AUCPR,Held_out_Specificity,Held_out_Sensitivity
Cardiotox (with SIDER inactives),0.5531919018063596,0.07339857862585672,57.0,2.0,23.0,8.0,0.47846153846153844,0.6092307692307692,-0.061394061351492044,0.7687853242570035,0.08,0.8769230769230769
Cardiotox (with SIDER actives),0.5587365591397849,0.05419339726610321,13.0,17.0,8.0,52.0,0.44000000000000006,0.5218461538461538,-0.12707898458431813,0.7680436621139062,0.68,0.2
Cardiotox (with SIDER all),0.5651225969371131,0.03464615444029257,20.0,17.0,8.0,45.0,0.4938461538461539,0.5907692307692308,-0.011907715573559312,0.7739285372074234,0.68,0.3076923076923077
Cardiac disorders,0.527008447740155,0.02457366887217108,85.0,5.0,35.0,8.0,0.519489247311828,0.5521505376344086,0.06019137066756175,0.7437262460050509,0.125,0.9139784946236559
DICTrank,0.5450771339325555,0.025561795720532843,40.0,8.0,17.0,25.0,0.46769230769230774,0.45907692307692305,-0.06005763395600163,0.7204322189489227,0.32,0.6153846153846154
