endpoint,CV_AUC_mean,CV_AUC_std,Held_out_TP,Held_out_TN,Held_out_FP,Held_out_FN,Held_out_BA,Held_out_AUC,Held_out_MCC,Held_out_AUCPR,Held_out_Specificity,Held_out_Sensitivity
Cardiotox (with SIDER inactives),0.5295013850415512,0.03635199802454192,49.0,13.0,12.0,16.0,0.6369230769230769,0.616,0.26246379971825246,0.766914677161399,0.52,0.7538461538461538
Cardiotox (with SIDER actives),0.5807452986725664,0.07402746672977145,63.0,0.0,25.0,2.0,0.4846153846153846,0.5323076923076924,-0.09349469900084573,0.7588698530264388,0.0,0.9692307692307692
Cardiotox (with SIDER all),0.5073062911704038,0.024875468082791077,14.0,21.0,4.0,51.0,0.5276923076923077,0.6178461538461538,0.06201736729460423,0.7767571992142055,0.84,0.2153846153846154
Cardiac disorders,0.5171710428719775,0.035864951304824,16.0,16.0,7.0,47.0,0.4748102139406487,0.587991718426501,-0.05037957211870255,0.8049241995546557,0.6956521739130435,0.25396825396825395
DICTrank,0.522203947368421,0.10464714901228263,63.0,1.0,24.0,2.0,0.5046153846153846,0.5323076923076924,0.023032671985243936,0.7571421118768109,0.04,0.9692307692307692
