endpoint,CV_AUC_mean,CV_AUC_std,Held_out_TP,Held_out_TN,Held_out_FP,Held_out_FN,Held_out_BA,Held_out_AUC,Held_out_MCC,Held_out_AUCPR,Held_out_Specificity,Held_out_Sensitivity
Cardiotox (with SIDER inactives),0.4974127679549366,0.08632343444118926,0.0,25.0,0.0,65.0,0.5,0.6092307692307692,0.0,0.7687853242570035,1.0,0.0
Cardiotox (with SIDER actives),0.5073028673835125,0.027168275550019994,33.0,14.0,11.0,32.0,0.5338461538461539,0.5218461538461538,0.060654181767511195,0.7680436621139062,0.56,0.5076923076923077
Cardiotox (with SIDER all),0.5729301075268818,0.053101646847614016,38.0,14.0,11.0,27.0,0.5723076923076924,0.5907692307692308,0.13006223456651717,0.7739285372074234,0.56,0.5846153846153846
Cardiac disorders,0.5546144911998571,0.06527909741985505,90.0,1.0,39.0,3.0,0.4963709677419355,0.5521505376344086,-0.01948800773838626,0.7437262460050509,0.025,0.967741935483871
DICTrank,0.5299356154777841,0.0979350348404527,0.0,25.0,0.0,65.0,0.5,0.45907692307692305,0.0,0.7204322189489227,1.0,0.0
