endpoint,CV_AUC_mean,CV_AUC_std,Held_out_TP,Held_out_TN,Held_out_FP,Held_out_FN,Held_out_BA,Held_out_AUC,Held_out_MCC,Held_out_AUCPR,Held_out_Specificity,Held_out_Sensitivity
Cardiotox (with SIDER inactives),0.6398147621018625,0.09665941476831101,53.0,14.0,11.0,12.0,0.6876923076923077,0.7446153846153846,0.3709594947505214,0.8834515931837152,0.56,0.8153846153846154
Cardiotox (with SIDER actives),0.6611481481481482,0.04855535988788757,62.0,5.0,20.0,3.0,0.576923076923077,0.7458461538461538,0.24213713882064364,0.8790806302541243,0.2,0.9538461538461539
Cardiotox (with SIDER all),0.6784552871445361,0.02854978634545652,54.0,14.0,11.0,11.0,0.6953846153846155,0.7378461538461538,0.39076923076923076,0.862457587877705,0.56,0.8307692307692308
Cardiac disorders,0.6992066244777089,0.023553397720526704,77.0,16.0,24.0,16.0,0.613978494623656,0.7018817204301075,0.24456184734898886,0.8523043754329853,0.4,0.8279569892473119
DICTrank,0.6355755265068991,0.07367766477515379,58.0,9.0,16.0,7.0,0.6261538461538462,0.7716923076923078,0.2955842728733421,0.8947223950661436,0.36,0.8923076923076924
