endpoint,CV_AUC_mean,CV_AUC_std,Held_out_TP,Held_out_TN,Held_out_FP,Held_out_FN,Held_out_BA,Held_out_AUC,Held_out_MCC,Held_out_AUCPR,Held_out_Specificity,Held_out_Sensitivity
Cardiotox (with SIDER inactives),0.6980115963911337,0.02590307154883997,48.0,16.0,9.0,17.0,0.6892307692307693,0.7446153846153846,0.35176614174229526,0.8834515931837152,0.64,0.7384615384615385
Cardiotox (with SIDER actives),0.7059160229748465,0.02625044983024303,57.0,11.0,14.0,8.0,0.6584615384615384,0.7458461538461538,0.3478360347256419,0.8790806302541243,0.44,0.8769230769230769
Cardiotox (with SIDER all),0.710181554658727,0.026055491093942503,39.0,17.0,8.0,26.0,0.64,0.7378461538461538,0.25107389340694014,0.862457587877705,0.68,0.6
Cardiac disorders,0.6953612936594864,0.03258563616419148,66.0,22.0,18.0,27.0,0.6298387096774194,0.7018817204301075,0.24686980467612782,0.8523043754329853,0.55,0.7096774193548387
DICTrank,0.6871820987654321,0.0380486529217807,50.0,14.0,11.0,15.0,0.6646153846153846,0.7716923076923078,0.3155463659534047,0.8947223950661436,0.56,0.7692307692307693
