endpoint,CV_AUC_mean,CV_AUC_std,Held_out_TP,Held_out_TN,Held_out_FP,Held_out_FN,Held_out_BA,Held_out_AUC,Held_out_MCC,Held_out_AUCPR,Held_out_Specificity,Held_out_Sensitivity
Cardiotox (with SIDER inactives),0.6299894803282138,0.0069612174715721255,47.0,10.0,14.0,10.0,0.6206140350877193,0.7470760233918128,0.25544121770613376,0.8802392319151021,0.4166666666666667,0.8245614035087719
Cardiotox (with SIDER actives),0.6548002873587344,0.046622861335511585,50.0,9.0,15.0,7.0,0.6260964912280702,0.7309941520467835,0.2892406818979262,0.8620845296878861,0.375,0.8771929824561403
Cardiotox (with SIDER all),0.6867852883919212,0.03846688847412536,29.0,21.0,3.0,28.0,0.6918859649122807,0.7218567251461988,0.35846208417275277,0.8578634259891832,0.875,0.5087719298245614
Cardiac disorders,0.6904984975706687,0.036457889770383105,55.0,10.0,15.0,9.0,0.6296875,0.7715625,0.28448690787429864,0.8737081917088889,0.4,0.859375
DICTrank,0.668419263467128,0.05331994003609345,54.0,7.0,17.0,3.0,0.6195175438596491,0.7485380116959064,0.33179934901372293,0.8605478351035738,0.2916666666666667,0.9473684210526315
