endpoint,CV_AUC_mean,CV_AUC_std,Held_out_TP,Held_out_TN,Held_out_FP,Held_out_FN,Held_out_BA,Held_out_AUC,Held_out_MCC,Held_out_AUCPR,Held_out_Specificity,Held_out_Sensitivity
Cardiotox (with SIDER inactives),0.5924364954495737,0.042919909199923285,27.0,24.0,1.0,38.0,0.6876923076923077,0.7187692307692308,0.363185324993559,0.8611720051479088,0.96,0.4153846153846154
Cardiotox (with SIDER actives),0.6199960108301716,0.055311135850025894,31.0,21.0,4.0,34.0,0.6584615384615384,0.7335384615384615,0.29118243900897045,0.8685154778767453,0.84,0.47692307692307695
Cardiotox (with SIDER all),0.6356688576340078,0.04089708356430424,35.0,16.0,9.0,30.0,0.5892307692307692,0.7153846153846153,0.1599064792052568,0.8822710550982374,0.64,0.5384615384615384
Cardiac disorders,0.6954593465978876,0.036890251808420906,36.0,30.0,5.0,40.0,0.6654135338345865,0.6909774436090225,0.3184937435039737,0.8137032410789279,0.8571428571428571,0.47368421052631576
DICTrank,0.6355228167812436,0.07258849224831385,34.0,18.0,7.0,31.0,0.6215384615384616,0.7323076923076924,0.21861524533520968,0.8738574211261986,0.72,0.5230769230769231
