endpoint,CV_AUC_mean,CV_AUC_std,Held_out_TP,Held_out_TN,Held_out_FP,Held_out_FN,Held_out_BA,Held_out_AUC,Held_out_MCC,Held_out_AUCPR,Held_out_Specificity,Held_out_Sensitivity
Cardiotox (with SIDER inactives),0.6088079924798235,0.02343201570283112,25.0,25.0,0.0,40.0,0.6923076923076923,0.7187692307692308,0.38461538461538464,0.8611720051479088,1.0,0.38461538461538464
Cardiotox (with SIDER actives),0.6621423274259669,0.03942329852596161,28.0,21.0,4.0,37.0,0.6353846153846154,0.7335384615384615,0.2533593918376833,0.8685154778767453,0.84,0.4307692307692308
Cardiotox (with SIDER all),0.6582323418161613,0.02196531598737946,29.0,23.0,2.0,36.0,0.6830769230769231,0.7153846153846153,0.34513057129433855,0.8822710550982374,0.92,0.4461538461538462
Cardiac disorders,0.684779742896913,0.03148675170335855,39.0,32.0,3.0,37.0,0.7137218045112782,0.6909774436090225,0.4095156051594349,0.8137032410789279,0.9142857142857143,0.5131578947368421
DICTrank,0.667650228451714,0.03663550356388841,29.0,21.0,4.0,36.0,0.6430769230769231,0.7323076923076924,0.2659695218051501,0.8738574211261986,0.84,0.4461538461538462
